min_support,min_support_count,frequent_itemsets,association_rules,top_lift
0.015,300,699,174,37.53981538824501
0.02,400,376,60,18.382125761531768
0.025,499,223,37,18.382125761531768
0.03,599,140,13,16.24408802685565
